[{"error":"ReferenceError: no is not defined"},{"error":"ReferenceError: no is not defined"},{"error":"ReferenceError: no is not defined"},{"error":"ReferenceError: no is not defined"},{"error":"ReferenceError: virtex is not defined"},{"error":"TypeError: setting.ownerNumber.split is not a function"},{"error":"ReferenceError: i is not defined"},{"error":"TypeError: setting.ownerNumber.split is not a function"},{"error":"TypeError: setting.ownerNumber.split is not a function"},{"error":"TypeError: setting.ownerNumber.split is not a function"},{"error":"ReferenceError: anonymous is not defined"},{"error":"ReferenceError: anonymous is not defined"},{"error":"TypeError: Cannot read properties of undefined (reading 'status')"},{"error":"Error: ENOENT: no such file or directory, open './database/apa.jpg'"},{"error":"Error: ENOENT: no such file or directory, open './database/apa.jpg'"},{"error":"ReferenceError: reSize is not defined"},{"error":"ReferenceError: thumb is not defined"},{"error":"ReferenceError: gambar is not defined"},{"error":"ReferenceError: botNumber is not defined"},{"error":"ReferenceError: botNumber is not defined"}]