{
    "wait": "_Tunggu Bentar Di Proses!_",
    "error": {
        "Iv": "Link yang kamu berikan tidak valid",
        "api": "Maaf terjadi kesalahan, perkiraan : apikey telah expired"
    },
    "OnlyGrup": "Perintah ini hanya bisa digunakan di grup",
    "OnlyPM": "Perintah ini hanya bisa digunakan di private message",
    "GrupAdmin": "Perintah ini hanya bisa digunakan oleh Admin Grup",
    "BotAdmin": "Bot Harus menjadi admin",
    "OnlyOwner": "Perintah ini hanya dapat digunakan oleh owner bot",
    "OnlyPrem": "Perintah ini khusus member premium\nMau jadi premium? hubungi owner kami ya",
    "OnlyUser": "Maaf brow, kamu belum terdaftar di database TEAMS BOT, ketik #verify\nUntuk memverifikasi diri."
}