[{"id":"6282279915237@s.whatsapp.net","name":"#GRKOWTK","seri":"d3gXjSpE68","premium":false},{"id":"15028786322@s.whatsapp.net","name":"#GRAgvJB","seri":"xRa7SYfgkJ","premium":false},{"id":"6281915061498@s.whatsapp.net","name":"#GR0GYtG","seri":"xhtDRuvTyn","premium":false},{"id":"6283834558105@s.whatsapp.net","name":"#GR00lZ9","seri":"QMckQ1wwLF","premium":false},{"id":"6283891031393@s.whatsapp.net","name":"#GRr8GTV","seri":"eDa0gyZhwy","premium":false},{"id":"6285299720048@s.whatsapp.net","name":"#GRkNDNX","seri":"4Oq2eOPPIs","premium":false},{"id":"6283116804585@s.whatsapp.net","name":"#GRMN0dW","seri":"CGyqz3Ao00","premium":false},{"id":"6281328139682@s.whatsapp.net","name":"#GRIW1QI","seri":"MhbdyWyitk","premium":true},{"id":"6282136168315@s.whatsapp.net","name":"#GRThXt3","seri":"GDNkYCSFFG","premium":false}]