{
  "creds": {
    "noiseKey": {
      "private": {
        "type": "Buffer",
        "data": "OLd8xRe66Zx058Ub4UhWz5zKiydOHi7yRL520fhdvXo="
      },
      "public": {
        "type": "Buffer",
        "data": "MaHpu3zPks4CehsSpFRaDCfeDNk63ki9RwRES3SYeTA="
      }
    },
    "signedIdentityKey": {
      "private": {
        "type": "Buffer",
        "data": "sCStqdLSGaRkmg7Dx5at6+WcbxS7IupsGpAQZDFG5lk="
      },
      "public": {
        "type": "Buffer",
        "data": "kufeWIMN3TfDPfmFB6RxgxSuwTfpWsrATTRMlMIP7jo="
      }
    },
    "signedPreKey": {
      "keyPair": {
        "private": {
          "type": "Buffer",
          "data": "cO3JpMdUKhb4Vwi8gjWdOZN7z2jZJj4GMpILTtOhaGY="
        },
        "public": {
          "type": "Buffer",
          "data": "mTO8jNlerGE1tfrmPh9hXU83YcLBenv6MILqOqPPJVM="
        }
      },
      "signature": {
        "type": "Buffer",
        "data": "MGeZVAnjirnYMkRpbAqtapT+na96TTxWloTa7wu4cYtX6ZZiw4W1NobTNwE7F2bxYMxipP2Q+Ve09jeu7TbLAA=="
      },
      "keyId": 1
    },
    "registrationId": 118,
    "advSecretKey": "z7YHqIXY+ih7/tPjqyf8n9JWj07j0KxChILB63LxdD0=",
    "processedHistoryMessages": [
      {
        "key": {
          "remoteJid": "6285727384295@s.whatsapp.net",
          "fromMe": true,
          "id": "2210FDCD8C8D0B5F58A5729CD9B21377"
        },
        "messageTimestamp": 1669426611
      },
      {
        "key": {
          "remoteJid": "6285727384295@s.whatsapp.net",
          "fromMe": true,
          "id": "68710CB4584C65C74691C73CA9D7EEFA"
        },
        "messageTimestamp": 1669426611
      },
      {
        "key": {
          "remoteJid": "6285727384295@s.whatsapp.net",
          "fromMe": true,
          "id": "DFAD1EBBEE9931C64E28A0BF0E0C2EA2"
        },
        "messageTimestamp": 1669426617
      }
    ],
    "nextPreKeyId": 37,
    "firstUnuploadedPreKeyId": 37,
    "accountSettings": {
      "unarchiveChats": false
    },
    "account": {
      "details": "CLnGlU8QrduFnAYYBA==",
      "accountSignatureKey": "qReouKsdCF3xC4gb5mcmjIJ7+Vi138Ml2rUt5HR24V0=",
      "accountSignature": "A8iLuDzKmBqp7y1+dEE/g8Mmg/fapxqW4zEQyTS7NHWiFphUwICU7bT+evaku61CUDXkBHzogQtIDN9r/cxDDw==",
      "deviceSignature": "O+pyBdhGYP3PGxXrgoAciH88OEmHe0XYeYLBLfHGF9IQd0KI2yoxQ4HjVaoaYpKZc5/QmUXqx6FDomjeL+RsCQ=="
    },
    "me": {
      "id": "6285727384295:6@s.whatsapp.net",
      "name": "TEAMS BOT"
    },
    "signalIdentities": [
      {
        "identifier": {
          "name": "6285727384295:6@s.whatsapp.net",
          "deviceId": 0
        },
        "identifierKey": {
          "type": "Buffer",
          "data": "BakXqLirHQhd8QuIG+ZnJoyCe/lYtd/DJdq1LeR0duFd"
        }
      }
    ],
    "platform": "smba",
    "lastAccountSyncTimestamp": 1669426756,
    "myAppStateKeyId": "AAAAAIfH"
  },
  "keys": {
    "preKeys": {
      "1": null,
      "2": {
        "private": {
          "type": "Buffer",
          "data": "YGl5yVzfNVr89w06QFbpA/2La8taMwMpS7Ckbi4g7Wk="
        },
        "public": {
          "type": "Buffer",
          "data": "KcqWI7XYy/booH4dFakAaVwTQpawKxyV8v9Bynx9+BY="
        }
      },
      "3": {
        "private": {
          "type": "Buffer",
          "data": "0MTzJB+6Q3hOgA0BsTRS1sytbty7FlBBTIvQwQZlyEo="
        },
        "public": {
          "type": "Buffer",
          "data": "oDTtFwx2ffsEbys8lRWsygLkcAVTLVB6OzWDQG65HDo="
        }
      },
      "4": null,
      "5": null,
      "6": {
        "private": {
          "type": "Buffer",
          "data": "0G7wrP2JVuN4czpYi/oWkOUijFhZeW7/kdCWeumSk2U="
        },
        "public": {
          "type": "Buffer",
          "data": "BAwjGXr6tXu0jesztuPTc+1cXH4/5nCkTVkSWIqkdGc="
        }
      },
      "7": {
        "private": {
          "type": "Buffer",
          "data": "wGMA5oSU7N4jgmmLmZ20VMcvzf6Ez7UKQGkTboa/LVQ="
        },
        "public": {
          "type": "Buffer",
          "data": "/bpj9k93x7eP+zGoyt06HLvNrHnZ5ji5pl7LNuab4zQ="
        }
      },
      "8": {
        "private": {
          "type": "Buffer",
          "data": "aCMKWTHRpcVMRImOssqTFnqc7VnjbkYjlR+hnidmgEM="
        },
        "public": {
          "type": "Buffer",
          "data": "V7rpGZZRy7s18/oku5JH9bPTPCUMWh8v56oofJqrtA4="
        }
      },
      "9": {
        "private": {
          "type": "Buffer",
          "data": "AGL0B63h0ENk/ZmhHaKocmfw76nyPnIqIrk9WBIHxmg="
        },
        "public": {
          "type": "Buffer",
          "data": "+25Hm/U6R00ihoxtzvjasT3Mkzg8RHL7GMdgJHzkHQ4="
        }
      },
      "10": {
        "private": {
          "type": "Buffer",
          "data": "oE3EoLTOxjcSQBhsMC8tlmAbXcZbY/Tdxsy5kkrf3Uk="
        },
        "public": {
          "type": "Buffer",
          "data": "zE9zQhPT7P1U20SG8LJBkNOWr5ZNSAvZ6ZGh4JqePgI="
        }
      },
      "11": {
        "private": {
          "type": "Buffer",
          "data": "cAdZ1T2cJUczi4RJ6UuH8h2ArUn5wewD+znvYoayBXg="
        },
        "public": {
          "type": "Buffer",
          "data": "TY5cYztgKs1mtWQNUMWdUA2b8uDgeiTbh8e9rXrgV2c="
        }
      },
      "12": {
        "private": {
          "type": "Buffer",
          "data": "kLQxmt/JjLx9j7zO5h2AFf2yi8OvgMbq9siXODQ/kE8="
        },
        "public": {
          "type": "Buffer",
          "data": "ALpnpw/ju2oRGEltt/ZZzAeRtyxNLdwFuCsYIzGgcB0="
        }
      },
      "13": {
        "private": {
          "type": "Buffer",
          "data": "yDNHhAXMGM/+6ERK1S2mlCzU0QLk1ZxOU6bOP2eGeFQ="
        },
        "public": {
          "type": "Buffer",
          "data": "b3dvB941I43PkhCxgTxhbxl26+C81fRNbpBQAzbVQwc="
        }
      },
      "14": {
        "private": {
          "type": "Buffer",
          "data": "4IY1zn5KDaHEPvCqNB9FXJDByq4JgUC/DVMo+xVAuFg="
        },
        "public": {
          "type": "Buffer",
          "data": "Mx8Hr3mLSnK/eOQBtm9AmxQvO31gT7h18+K8rXguy2M="
        }
      },
      "15": {
        "private": {
          "type": "Buffer",
          "data": "kCSRuTb7HbHXvjOZ5dpIM76PUjIYGNUWl58015iTlUM="
        },
        "public": {
          "type": "Buffer",
          "data": "oerP+QojqpEG2zUdQZMqDDeh3EzJR+ar4acr+Tr3UAs="
        }
      },
      "16": {
        "private": {
          "type": "Buffer",
          "data": "OM2wcV/v0jlM/28pj71UqbTKRqFrePIHT339PMl5pHQ="
        },
        "public": {
          "type": "Buffer",
          "data": "h4R4nTfXbAI5i0WIhEz+87zJhVY+j11URXpVQLbG1Wg="
        }
      },
      "17": null,
      "18": {
        "private": {
          "type": "Buffer",
          "data": "cHfWDPXafVcxis6+paR/eGgvFgxmOvmyYotIMkIDkng="
        },
        "public": {
          "type": "Buffer",
          "data": "IvEwJGEhs5YfVAZWE7tiJJpnFLLAUPHng21L7AeJNh4="
        }
      },
      "19": {
        "private": {
          "type": "Buffer",
          "data": "oL9LCEoBMl3Y9qCqMUEFHi6EWBO4HnR4ltdjDwVKZko="
        },
        "public": {
          "type": "Buffer",
          "data": "+FGp0M6p975Cf94qYgjDmHs7XkGmeUfHM+OPU9IMbC8="
        }
      },
      "20": {
        "private": {
          "type": "Buffer",
          "data": "qO1cNF6gw/Od4G7DV3mazYBN6p0qV44h7XzmGaPxtGE="
        },
        "public": {
          "type": "Buffer",
          "data": "LgP+8croLyQmrr/wjD81TbvTzrmXu5ltzBhjQ1tJN2Q="
        }
      },
      "21": {
        "private": {
          "type": "Buffer",
          "data": "6OqOXA722QsT1SPwj+LUS+bQ8EXZK2svD/+poEA3aGo="
        },
        "public": {
          "type": "Buffer",
          "data": "v4p2mwuoEOBZL1iWAJUqmoA8maQ+BmvIBLX5INV9sAM="
        }
      },
      "22": {
        "private": {
          "type": "Buffer",
          "data": "SIHs7Z3g0OmL5Z4hR2ly5ppY3/UAzF3tsE0vW9bIPHE="
        },
        "public": {
          "type": "Buffer",
          "data": "N1XfPn8l9z661NeEJAwF1sjcE7ZOS6mMYav3ugfBF0o="
        }
      },
      "23": {
        "private": {
          "type": "Buffer",
          "data": "wF+JaEuJshbrCP7EWby2eszt7UKmCZXao+lacWSWKnM="
        },
        "public": {
          "type": "Buffer",
          "data": "sQLyB4yHLljznMZskp7+qJIs6hSBb74jCir5CiipdHA="
        }
      },
      "24": null,
      "25": {
        "private": {
          "type": "Buffer",
          "data": "kKT9s1g4EsJbTICuVRzTiMnMJn/Xz/iSPTYIekK4aHQ="
        },
        "public": {
          "type": "Buffer",
          "data": "RjtOOieFx9vB9+wsVgzwm0XW931c9WMfE4/QBp/aNXM="
        }
      },
      "26": {
        "private": {
          "type": "Buffer",
          "data": "GAEySU6cxl0onQdOC7kqi8WhJvaTk6/8rLV8xkAN4UQ="
        },
        "public": {
          "type": "Buffer",
          "data": "jA8B1NdUz7JD+YlmZj+kyWLWHwNesSpuwA8wC94v8hI="
        }
      },
      "27": {
        "private": {
          "type": "Buffer",
          "data": "YI0HOhy3awKYQVicfc3daMs6+usibNZJZiyIrBtWAlc="
        },
        "public": {
          "type": "Buffer",
          "data": "a/MSxApfApP0d0hr9cMtHTNnJHTkACvgdNZfixKszEs="
        }
      },
      "28": {
        "private": {
          "type": "Buffer",
          "data": "kKC62cacr+ABlLmNR6VBuuROLlYRy/KdYJheldXvWkk="
        },
        "public": {
          "type": "Buffer",
          "data": "QKXBGM9bjlCU3gx6WXXQw5q4K1qavRyUvfaDY+bInAQ="
        }
      },
      "29": {
        "private": {
          "type": "Buffer",
          "data": "EEaUp2C7uXR4/d/jcmaq0+qahX8DfBhjZupyfH8M3Ec="
        },
        "public": {
          "type": "Buffer",
          "data": "rWtD8i9WjzlkTZDoT2Qh3Nry6YfRCyNjqGYQNUVCil0="
        }
      },
      "30": {
        "private": {
          "type": "Buffer",
          "data": "0JEg1ua+ZyGJLAK0NeCjVTmDtZoXaWP6GLikxmCqHXg="
        },
        "public": {
          "type": "Buffer",
          "data": "oZkR4xZR9CGsDU5kta5ybMLld1owLFM/vNlF82XX3U0="
        }
      },
      "31": {
        "private": {
          "type": "Buffer",
          "data": "eFbkSL0E2qz18fX39WSMsoJnRfYbP5jQGqeaSIlWBHo="
        },
        "public": {
          "type": "Buffer",
          "data": "2/mdwp7KapYi7MxJX10yvCt/sB0Fw2D339HYrQRo7GY="
        }
      },
      "32": null,
      "33": null,
      "34": null,
      "35": null,
      "36": null
    },
    "sessions": {
      "6285727384295.0": {
        "_sessions": {
          "BaPBEMhMCe6730iZAUYawQziRXR4euctZWI29MQvnLNr": {
            "registrationId": 1518729998,
            "currentRatchet": {
              "ephemeralKeyPair": {
                "pubKey": "BeFwK9ClwkdmkcL1OZ6AQGj4Nf7o1w0MgCY0tXRXCAZt",
                "privKey": "UFtuZ+iGvC/WtMChVKoaJoTmaNRJ+15LCAKMLGcco2I="
              },
              "lastRemoteEphemeralKey": "Bevml9MrEViF3GGEm/dqJj/PDcAsUowC2EYqcvg2s5QZ",
              "previousCounter": 0,
              "rootKey": "br/5ot+ECDMd5FontNBpziY5iZphQMZsr6LM7Fy3oBs="
            },
            "indexInfo": {
              "baseKey": "BaPBEMhMCe6730iZAUYawQziRXR4euctZWI29MQvnLNr",
              "baseKeyType": 2,
              "closed": 1669477101570,
              "used": 1669427176623,
              "created": 1669426608601,
              "remoteIdentityKey": "BakXqLirHQhd8QuIG+ZnJoyCe/lYtd/DJdq1LeR0duFd"
            },
            "_chains": {
              "BXWIs9Cik/rfmVQ4gPW984KT/zdacCDBJtVEgoa87Rcv": {
                "chainKey": {
                  "counter": 10
                },
                "chainType": 2,
                "messageKeys": {}
              },
              "Bednf+5hoJgdqBYj2qy8oQ9xZOkQNQT3f8niGhW5CSIc": {
                "chainKey": {
                  "counter": 0
                },
                "chainType": 2,
                "messageKeys": {}
              },
              "Bevml9MrEViF3GGEm/dqJj/PDcAsUowC2EYqcvg2s5QZ": {
                "chainKey": {
                  "counter": 0,
                  "key": "FjcKuSkg88cQOjSYpTH1z/gcaNghJ/CD3IZs9SL9Yno="
                },
                "chainType": 2,
                "messageKeys": {}
              },
              "BeFwK9ClwkdmkcL1OZ6AQGj4Nf7o1w0MgCY0tXRXCAZt": {
                "chainKey": {
                  "counter": 3,
                  "key": "KSjF99CamBtAlcmTdjdAwowoRj+tBBCFuBSuKm84S5k="
                },
                "chainType": 1,
                "messageKeys": {}
              }
            }
          },
          "BR0DVk987bHZsGQX+Ji1cytBTQK4ChZ12hHWrxNRVWcg": {
            "registrationId": 1518729998,
            "currentRatchet": {
              "ephemeralKeyPair": {
                "pubKey": "BdYNf6CUdo2vBKPH/H6JEKHnuksWNc55lhZGq3P7KBwp",
                "privKey": "QD4Nfxc8e2NLv3SguTKySfBRytqldKDjO1rOl3EmAH8="
              },
              "lastRemoteEphemeralKey": "BS1/yCac5QT+sT+fU3RqUt/Bj0TEIfgbWoBcXriwpuID",
              "previousCounter": 5,
              "rootKey": "bjG0/2lmNHWDKGWnpZ17ZciLDOMx0EqBwC1IF0Rne9c="
            },
            "indexInfo": {
              "baseKey": "BR0DVk987bHZsGQX+Ji1cytBTQK4ChZ12hHWrxNRVWcg",
              "baseKeyType": 1,
              "closed": 1669717052418,
              "used": 1669510901285,
              "created": 1669477101548,
              "remoteIdentityKey": "BakXqLirHQhd8QuIG+ZnJoyCe/lYtd/DJdq1LeR0duFd"
            },
            "_chains": {
              "BS1/yCac5QT+sT+fU3RqUt/Bj0TEIfgbWoBcXriwpuID": {
                "chainKey": {
                  "counter": 0,
                  "key": "C7DKQSKLpa5obJU17/UjSZuHYQ5fm4AZL+AsUEKo1IU="
                },
                "chainType": 2,
                "messageKeys": {}
              },
              "BdYNf6CUdo2vBKPH/H6JEKHnuksWNc55lhZGq3P7KBwp": {
                "chainKey": {
                  "counter": 29,
                  "key": "EnBs6zCqZph9GIbb6VmsGDqTklQORbcK3sv82s+mvBs="
                },
                "chainType": 1,
                "messageKeys": {}
              }
            }
          },
          "BWHD1oM6qzsY4/c7hQHMwDUpZPs8J8sNY72yP7UAmkwH": {
            "registrationId": 1518729998,
            "currentRatchet": {
              "ephemeralKeyPair": {
                "pubKey": "Bf/Or+1xPuDuA/R5MyMEzgnu8BO8UZcKYf75wQ17XFFP",
                "privKey": "EEG2PW8bLmtBNOLgezPIo9GkkQsB07W6AJ/q0UM2Kk0="
              },
              "lastRemoteEphemeralKey": "BV0uGgBhHk3z4PzawSEKsHXJxOlMXE1T7xGlFpt6zssf",
              "previousCounter": 0,
              "rootKey": "uDHMhxtB3nU1k7kvSX9zjg3gB06lM/iEMYvQpC8/RwU="
            },
            "indexInfo": {
              "baseKey": "BWHD1oM6qzsY4/c7hQHMwDUpZPs8J8sNY72yP7UAmkwH",
              "baseKeyType": 1,
              "closed": 1669717065101,
              "used": 1669717052394,
              "created": 1669717052393,
              "remoteIdentityKey": "BakXqLirHQhd8QuIG+ZnJoyCe/lYtd/DJdq1LeR0duFd"
            },
            "_chains": {
              "Bf/Or+1xPuDuA/R5MyMEzgnu8BO8UZcKYf75wQ17XFFP": {
                "chainKey": {
                  "counter": -1,
                  "key": "U9UuwXIwAHXBJBlHA7jb+dUW9GK8FJaLT4sU+lWtzG0="
                },
                "chainType": 1,
                "messageKeys": {}
              }
            },
            "pendingPreKey": {
              "signedKeyId": 0,
              "baseKey": "BWHD1oM6qzsY4/c7hQHMwDUpZPs8J8sNY72yP7UAmkwH",
              "preKeyId": 3788024
            }
          },
          "BSDDEoC+bzyF3iT/y/t27R+A+Ds/JFHhoCCwm5ULHVcv": {
            "registrationId": 1518729998,
            "currentRatchet": {
              "ephemeralKeyPair": {
                "pubKey": "BcbXPYfp+DlCDKS50dPp1mRnp60+V66uRzmmEmck2kE/",
                "privKey": "YDDVTLuQHq6JV/r5u6OSTHPkbvXk11mKDE1TQkdeI1w="
              },
              "lastRemoteEphemeralKey": "BV0uGgBhHk3z4PzawSEKsHXJxOlMXE1T7xGlFpt6zssf",
              "previousCounter": 0,
              "rootKey": "1/j6PK2k2bCPcIs0tp+U2KgO0I8LygLjf5z2/DzYuZY="
            },
            "indexInfo": {
              "baseKey": "BSDDEoC+bzyF3iT/y/t27R+A+Ds/JFHhoCCwm5ULHVcv",
              "baseKeyType": 1,
              "closed": -1,
              "used": 1669717065085,
              "created": 1669717065085,
              "remoteIdentityKey": "BakXqLirHQhd8QuIG+ZnJoyCe/lYtd/DJdq1LeR0duFd"
            },
            "_chains": {
              "BcbXPYfp+DlCDKS50dPp1mRnp60+V66uRzmmEmck2kE/": {
                "chainKey": {
                  "counter": 8,
                  "key": "MXxpq50S9L4BR3x3p/vHl6pKBiKUTv+TRSjZtrPkhu8="
                },
                "chainType": 1,
                "messageKeys": {}
              }
            },
            "pendingPreKey": {
              "signedKeyId": 0,
              "baseKey": "BSDDEoC+bzyF3iT/y/t27R+A+Ds/JFHhoCCwm5ULHVcv",
              "preKeyId": 3787988
            }
          }
        },
        "version": "v1"
      },
      "6285727384295:3.0": {
        "_sessions": {
          "BfN6qfnqLRD3+UIub1sZXbrl27a+x/4MIWLba1cE5pQX": {
            "registrationId": 124,
            "currentRatchet": {
              "ephemeralKeyPair": {
                "pubKey": "BVfLWo2fBK7/klKfqjuZcdWXMKEzEXLDc0cTdpriMSsg",
                "privKey": "APJlrrULxFe0pDGSbHAcafbuQqq7+rCQUdioHLiP5l4="
              },
              "lastRemoteEphemeralKey": "BZ0Hmeyu/xqee8r9FOdUhmj/Ms7DObC42zaFgnNj7Ksg",
              "previousCounter": 5,
              "rootKey": "RsNHD+Ijkl3PPIcT/7CpNHTegQVUF0CkoO/toMJx9+U="
            },
            "indexInfo": {
              "baseKey": "BfN6qfnqLRD3+UIub1sZXbrl27a+x/4MIWLba1cE5pQX",
              "baseKeyType": 1,
              "closed": -1,
              "used": 1669477097498,
              "created": 1669426765671,
              "remoteIdentityKey": "BQO+p2M9BGt1iDSmsSdqoa+RMKaMHGvIz8aSMR4QzIcl"
            },
            "_chains": {
              "BZ0Hmeyu/xqee8r9FOdUhmj/Ms7DObC42zaFgnNj7Ksg": {
                "chainKey": {
                  "counter": 5,
                  "key": "Wn3J8hJdKgLEUPzqoYCsmUinZMXlEFjEtFsN1bkKDhA="
                },
                "chainType": 2,
                "messageKeys": {}
              },
              "BVfLWo2fBK7/klKfqjuZcdWXMKEzEXLDc0cTdpriMSsg": {
                "chainKey": {
                  "counter": 48,
                  "key": "jAXGhQznZ2X5e0KIR4A4rBq78AaEzzNp14CUu/xRQJ0="
                },
                "chainType": 1,
                "messageKeys": {}
              }
            }
          }
        },
        "version": "v1"
      },
      "6285727384295:4.0": {
        "_sessions": {
          "Bbvp/ystLjDwBJkgg1X9J+ANY5yVITyQ6a9IR6B/AkoF": {
            "registrationId": 64,
            "currentRatchet": {
              "ephemeralKeyPair": {
                "pubKey": "BYuKA15J0QLRL8+QBtaAu5yKtDFk0u3NYZJBFUAbIOMA",
                "privKey": "cInnwrD7dMF8Mzm//UaCR8beEyjFIj5euZ4u5c5rqWA="
              },
              "lastRemoteEphemeralKey": "Bd3z1kwjgCqVpaWoSAUBQS9VUqYFxgfT49ktTewbDB4Y",
              "previousCounter": 9,
              "rootKey": "sDkMvzg5FEQ2jbHIRpF4DY9lRxDzoXUs4DtzxjdfLbU="
            },
            "indexInfo": {
              "baseKey": "Bbvp/ystLjDwBJkgg1X9J+ANY5yVITyQ6a9IR6B/AkoF",
              "baseKeyType": 1,
              "closed": -1,
              "used": 1669482188885,
              "created": 1669426765709,
              "remoteIdentityKey": "BZ4/I9/JoRHiolXnWIsCQlSDPGab/ivFTBnBtMvDul0a"
            },
            "_chains": {
              "Bd3z1kwjgCqVpaWoSAUBQS9VUqYFxgfT49ktTewbDB4Y": {
                "chainKey": {
                  "counter": 11,
                  "key": "CKGOSIAdJd/vLcqgTgsduEkeESBVM2u+QLywardVJ5k="
                },
                "chainType": 2,
                "messageKeys": {}
              },
              "BYuKA15J0QLRL8+QBtaAu5yKtDFk0u3NYZJBFUAbIOMA": {
                "chainKey": {
                  "counter": 7,
                  "key": "9kQ7Bx+8DybpzXa3EyDRreI5tBjZalJid8xcb4QYmGo="
                },
                "chainType": 1,
                "messageKeys": {}
              }
            }
          }
        },
        "version": "v1"
      },
      "6285727384295:5.0": {
        "_sessions": {
          "BVAGPHrmdRY1qT9C+3kuPU17ZaUGlgXp81Nuq7kas+cF": {
            "registrationId": 88,
            "currentRatchet": {
              "ephemeralKeyPair": {
                "pubKey": "BYiyRggCYukdHuQjJjlki+mkYRa52aqDQnBXknTnXdAz",
                "privKey": "0DcasQL6v+OXwjJBLdVYTOi/+Zh56BljFJIRDtTMH1M="
              },
              "lastRemoteEphemeralKey": "BTINdsP9+d/Rg0pJdWUWTwP3hn1l7L1J7Z9mRv1RZ1UN",
              "previousCounter": 13,
              "rootKey": "vCtYf/IO2SFdoZPWB6ul64krnITdlMwYb656oaL1uE0="
            },
            "indexInfo": {
              "baseKey": "BVAGPHrmdRY1qT9C+3kuPU17ZaUGlgXp81Nuq7kas+cF",
              "baseKeyType": 1,
              "closed": -1,
              "used": 1669510902002,
              "created": 1669426765739,
              "remoteIdentityKey": "BQ0ECjF7e8yel7zmlYJT8LWn6WyF2UyOowbgnzkOrDsI"
            },
            "_chains": {
              "BTINdsP9+d/Rg0pJdWUWTwP3hn1l7L1J7Z9mRv1RZ1UN": {
                "chainKey": {
                  "counter": 16,
                  "key": "YZwtMzUvhbUsRXdctXxDHvwT4aEb/dd7q//6c54JXXY="
                },
                "chainType": 2,
                "messageKeys": {}
              },
              "BYiyRggCYukdHuQjJjlki+mkYRa52aqDQnBXknTnXdAz": {
                "chainKey": {
                  "counter": -1,
                  "key": "lDIyPDSJrzfrCBAwH9319YgxyJfecpFE7TkO5/7t7XU="
                },
                "chainType": 1,
                "messageKeys": {}
              }
            }
          }
        },
        "version": "v1"
      },
      "6281328139682.0": {
        "_sessions": {
          "BRmJZu+kIuPhOc+2rghiBNTAwrOgRxlDbzYWq47iWs8H": {
            "registrationId": 1634980543,
            "currentRatchet": {
              "ephemeralKeyPair": {
                "pubKey": "BaNzMEXet0CKMwYtvIbmRgI3tI3qh0qla/9cNS3pnYIL",
                "privKey": "8Jg/4FhcieFXp4zN2g+sHzrHF+aeORKjdluHNiu0un4="
              },
              "lastRemoteEphemeralKey": "BTU7npEeLWG/IeqQyC/rPL5Vc83lqDJIXYYN2QZCQDZe",
              "previousCounter": 1,
              "rootKey": "+9+LGbgQGf6F2rbOmjxRFB1INxRThYR5lkf2FIHSEC8="
            },
            "indexInfo": {
              "baseKey": "BRmJZu+kIuPhOc+2rghiBNTAwrOgRxlDbzYWq47iWs8H",
              "baseKeyType": 1,
              "closed": 1669559548763,
              "used": 1669510901955,
              "created": 1669426765769,
              "remoteIdentityKey": "BSQEMJfeYw0jl5DqztAIFo5wQI8BZtMHjw3o7u8AiRY5"
            },
            "_chains": {
              "BZg82mLWCmeI6aWTCs8/CYApW7YcLYEwGW25t/OIzsRr": {
                "chainKey": {
                  "counter": 2
                },
                "chainType": 2,
                "messageKeys": {}
              },
              "BSIv7Qff0bxUzUuhqEqTUh+mCLPZghDNh70qaMCbQDVA": {
                "chainKey": {
                  "counter": 5
                },
                "chainType": 2,
                "messageKeys": {}
              },
              "BZFyZrrNmVWs/PsnoLZCGCKiOn9qFYDGWSJyslaclztM": {
                "chainKey": {
                  "counter": 0
                },
                "chainType": 2,
                "messageKeys": {}
              },
              "BQkzSnOhAlWSbdJJd8U1qGOQ1iQPOCsyAgIr7U/N8TxZ": {
                "chainKey": {
                  "counter": 10
                },
                "chainType": 2,
                "messageKeys": {}
              },
              "BTJLzfw6LbNdEMkdfxoIRRQGiMoHQtZdXQ2QJLQV2b1Y": {
                "chainKey": {
                  "counter": 0
                },
                "chainType": 2,
                "messageKeys": {}
              },
              "BTv6QbUSwEZ2OSF9Nbi9a27nYr/OXwjKf1Spz0YAF84C": {
                "chainKey": {
                  "counter": 0
                },
                "chainType": 2,
                "messageKeys": {}
              },
              "BTU7npEeLWG/IeqQyC/rPL5Vc83lqDJIXYYN2QZCQDZe": {
                "chainKey": {
                  "counter": 14,
                  "key": "vEDkiP55sm6kbCwfujGsIkM2RZxl+qpW32TEu0nfYz0="
                },
                "chainType": 2,
                "messageKeys": {}
              },
              "BaNzMEXet0CKMwYtvIbmRgI3tI3qh0qla/9cNS3pnYIL": {
                "chainKey": {
                  "counter": -1,
                  "key": "2jkreMVoI1NCpr1XSs0xFM2ej4lU9gipqiXwcHzRD+w="
                },
                "chainType": 1,
                "messageKeys": {}
              }
            }
          },
          "BcprWNaXFkYmgBk9+Dd7FuQ6hP5z1+xUHbteKX4WSpoG": {
            "registrationId": 1634980543,
            "currentRatchet": {
              "ephemeralKeyPair": {
                "pubKey": "BahwGSvxqkTXtVubOaAEArJ6Jl9YNLr4i4eNSOeg/IIO",
                "privKey": "wCAA4Budp6ubS1kWEmKtO98E/RokAbtIcL8hvb1DSmg="
              },
              "lastRemoteEphemeralKey": "BTkpxzN9qHBXkz0zfGAfaI1tMaz3gIaiLBIBhnEf6w9B",
              "previousCounter": 0,
              "rootKey": "btDujWPkxLrjMCOCDdMUD4tu649++Uqr7iHddHCB5x4="
            },
            "indexInfo": {
              "baseKey": "BcprWNaXFkYmgBk9+Dd7FuQ6hP5z1+xUHbteKX4WSpoG",
              "baseKeyType": 2,
              "closed": -1,
              "used": 1669717025785,
              "created": 1669559548789,
              "remoteIdentityKey": "BSQEMJfeYw0jl5DqztAIFo5wQI8BZtMHjw3o7u8AiRY5"
            },
            "_chains": {
              "BVb+J0cyswpSgvhq5gIp/X4J1XOhxHa4AdHKx6TDeosb": {
                "chainKey": {
                  "counter": 0
                },
                "chainType": 2,
                "messageKeys": {}
              },
              "BcdP4kZW7ZspmVy7p2M5EKNwUwOJ0Tifrnsg6+QHNG9V": {
                "chainKey": {
                  "counter": 0
                },
                "chainType": 2,
                "messageKeys": {}
              },
              "BUC1qNZNF5btgAkQ7UmSYzyBMY/nL3RnA0Rvkwnq6JFz": {
                "chainKey": {
                  "counter": 0
                },
                "chainType": 2,
                "messageKeys": {}
              },
              "BSETugzEds4/ytYvREhHc7RRb3e9aN9S3WYWcQTlW6sK": {
                "chainKey": {
                  "counter": 1
                },
                "chainType": 2,
                "messageKeys": {}
              },
              "BaN678030KT3GhguaR8Ky/pnU4xCEEFqo9ukHax0vndJ": {
                "chainKey": {
                  "counter": 0
                },
                "chainType": 2,
                "messageKeys": {}
              },
              "BT5YqFNof9ruw05CkhhpgZLDkmkbIO0y/hDHY73vZu45": {
                "chainKey": {
                  "counter": 0
                },
                "chainType": 2,
                "messageKeys": {}
              },
              "BRYRwZacIcMjtHfcI6L2gmYt1psjmamvJbz0ovxvLwZP": {
                "chainKey": {
                  "counter": 1
                },
                "chainType": 2,
                "messageKeys": {}
              },
              "BWOMlXgwymYRrBkfZdzcnN70QiIAZ5B5Bg7RFOCwn/gf": {
                "chainKey": {
                  "counter": 0
                },
                "chainType": 2,
                "messageKeys": {}
              },
              "BRUPU7vDNxxMr2bLocA6HFNBiajHA1lu0tumRlLoj7JT": {
                "chainKey": {
                  "counter": 0
                },
                "chainType": 2,
                "messageKeys": {}
              },
              "Bb8swsbjNSCvXtCMv2h3FCn8sDpsFPJauDwn6ROoI2AB": {
                "chainKey": {
                  "counter": 2
                },
                "chainType": 2,
                "messageKeys": {}
              },
              "BYy6Tt/kMn27yUWI6PJCkX21j4KnzcjMrV2kSqe7Oj5v": {
                "chainKey": {
                  "counter": 0
                },
                "chainType": 2,
                "messageKeys": {}
              },
              "BSwniBDrBFVIOJyfSXF8vntKbAdrn0Ii0sgsvUCbR+h/": {
                "chainKey": {
                  "counter": 0
                },
                "chainType": 2,
                "messageKeys": {}
              },
              "BeIWSFLmuHHbPsNinHMY13vIt0b0MHj/tHdsPFJt90EQ": {
                "chainKey": {
                  "counter": 0
                },
                "chainType": 2,
                "messageKeys": {}
              },
              "BTkpxzN9qHBXkz0zfGAfaI1tMaz3gIaiLBIBhnEf6w9B": {
                "chainKey": {
                  "counter": 0,
                  "key": "Q19vXG3SK/NUgDPp90sRz1wok6WTww45FKpLmp2C72o="
                },
                "chainType": 2,
                "messageKeys": {}
              },
              "BahwGSvxqkTXtVubOaAEArJ6Jl9YNLr4i4eNSOeg/IIO": {
                "chainKey": {
                  "counter": 2,
                  "key": "uWHo/nh3LWbgjvxAl78E1zvzp2eMg9tzv1lMOsGokEI="
                },
                "chainType": 1,
                "messageKeys": {}
              }
            }
          }
        },
        "version": "v1"
      },
      "6282136168315.0": {
        "_sessions": {
          "BX5t3ycCEeMxa10RvEJwxdY3CyUn3/ICSazuu/6uAg91": {
            "registrationId": 544958366,
            "currentRatchet": {
              "ephemeralKeyPair": {
                "pubKey": "BV2gUa/deaiAqft3Kbj3EKfaAkbZ6Afgm13MUYGOzntH",
                "privKey": "8LSyxUNrozi0k0wVN5cFtwcDPnfwYjZKT7W76UfPU2E="
              },
              "lastRemoteEphemeralKey": "BWRzY5j0D5IRX0r18prfkS1akeijuyEyWaa7rZqzNaUP",
              "previousCounter": 1,
              "rootKey": "sdp2nii1E4Rl/GhMa2gLn4VK/jKVm8vGTmFn3EIgpm8="
            },
            "indexInfo": {
              "baseKey": "BX5t3ycCEeMxa10RvEJwxdY3CyUn3/ICSazuu/6uAg91",
              "baseKeyType": 2,
              "closed": 1669556188191,
              "used": 1669511002479,
              "created": 1669427632174,
              "remoteIdentityKey": "BV94eQ+NjILIIQMXuL3Rc6vTjy/Wu3t8qtOnqNPni0tb"
            },
            "_chains": {
              "BRdvqoJAO12vQtMaCBUGD46kHxO3ewd1h3uS7mo14pRP": {
                "chainKey": {
                  "counter": 5
                },
                "chainType": 2,
                "messageKeys": {}
              },
              "BS23Ye1ha1zEQNUpqVZrvktRg6RRej1fDunrzJNHDohj": {
                "chainKey": {
                  "counter": 0
                },
                "chainType": 2,
                "messageKeys": {}
              },
              "BZ7443zTeGUXUI/cV9CVLnXdxZGeYxkpfxVoQMAhYblj": {
                "chainKey": {
                  "counter": 17
                },
                "chainType": 2,
                "messageKeys": {}
              },
              "Bdp7S2Dnh161ciMfVh1dvIOXl26kd8NSQSxxWRkZzoU1": {
                "chainKey": {
                  "counter": 0
                },
                "chainType": 2,
                "messageKeys": {}
              },
              "BWRzY5j0D5IRX0r18prfkS1akeijuyEyWaa7rZqzNaUP": {
                "chainKey": {
                  "counter": 0,
                  "key": "ZWD732Ws0hbnMjQXTnoDTKmn/FDBqvhFC5zdZMe8+ko="
                },
                "chainType": 2,
                "messageKeys": {}
              },
              "BV2gUa/deaiAqft3Kbj3EKfaAkbZ6Afgm13MUYGOzntH": {
                "chainKey": {
                  "counter": 0,
                  "key": "3H/+MzCVoJSi9RPASaS6Tu0eT/K5QouVCOoI5nNtyC8="
                },
                "chainType": 1,
                "messageKeys": {}
              }
            }
          },
          "BQtWauZ17O9l/qtk48thB53/o/RCx069eJO0jdZ+DJkK": {
            "registrationId": 544958366,
            "currentRatchet": {
              "ephemeralKeyPair": {
                "pubKey": "BTiV9n79ZUUEz8AdObMMdB+YEDK+PmvUZ6sMmcG2ofxN",
                "privKey": "eDJTDQ2RC+T4eq0rIXyzapynJ4aE+hGWp3vjeKMnr1A="
              },
              "lastRemoteEphemeralKey": "BUc4sb9VX4mepAdZF6fr15XOnobt4y4oIL472kX5lA1B",
              "previousCounter": 0,
              "rootKey": "MRNC+vnkOaOuSa/0ty3oyJYGxoyd14WftXV4O5A6qMM="
            },
            "indexInfo": {
              "baseKey": "BQtWauZ17O9l/qtk48thB53/o/RCx069eJO0jdZ+DJkK",
              "baseKeyType": 2,
              "closed": 1669685990883,
              "used": 1669557803908,
              "created": 1669556188228,
              "remoteIdentityKey": "BV94eQ+NjILIIQMXuL3Rc6vTjy/Wu3t8qtOnqNPni0tb"
            },
            "_chains": {
              "BfdpMOW1jzJ9BxJ7oijOY1IAIC2ftf6lHgn671AIfP1d": {
                "chainKey": {
                  "counter": 0
                },
                "chainType": 2,
                "messageKeys": {}
              },
              "BUc4sb9VX4mepAdZF6fr15XOnobt4y4oIL472kX5lA1B": {
                "chainKey": {
                  "counter": 0,
                  "key": "+CzbVcFN6khIt0/pWeOQpCXEwd7Gu4FIcdCUOILDXmQ="
                },
                "chainType": 2,
                "messageKeys": {}
              },
              "BTiV9n79ZUUEz8AdObMMdB+YEDK+PmvUZ6sMmcG2ofxN": {
                "chainKey": {
                  "counter": 0,
                  "key": "f4CCS8Ug6uh0vNflKi0+DqY+uWhoZFLRyBylQlQlTxs="
                },
                "chainType": 1,
                "messageKeys": {}
              }
            }
          },
          "BZAcJp28yXpT3W1unc5ix31DaTjhtsB0KAkaIlTAasAD": {
            "registrationId": 544958366,
            "currentRatchet": {
              "ephemeralKeyPair": {
                "pubKey": "BVzI2JUcJn522QHJKhWxEGWOXLjAY5UGq7EbmlHvpY0+",
                "privKey": "EKWpcoNVLr4xSqkO9xz8qEZj0tVS0y5zvdmeA2n1228="
              },
              "lastRemoteEphemeralKey": "BeKyuXFj25i5H+hSeW6rTLeDVpGJYCEy3VmARb6FKjId",
              "previousCounter": 0,
              "rootKey": "LYJYVPHLBXA3F8uAM4+yKdPYiPZqQ942S/CIjMggBWQ="
            },
            "indexInfo": {
              "baseKey": "BZAcJp28yXpT3W1unc5ix31DaTjhtsB0KAkaIlTAasAD",
              "baseKeyType": 2,
              "closed": 1669700245301,
              "used": 1669685990908,
              "created": 1669685990908,
              "remoteIdentityKey": "BV94eQ+NjILIIQMXuL3Rc6vTjy/Wu3t8qtOnqNPni0tb"
            },
            "_chains": {
              "BeKyuXFj25i5H+hSeW6rTLeDVpGJYCEy3VmARb6FKjId": {
                "chainKey": {
                  "counter": 0,
                  "key": "n6nAc7PLr3Sz7JPXHWxuFeg4k986QjTYbnetB2HCOUE="
                },
                "chainType": 2,
                "messageKeys": {}
              },
              "BVzI2JUcJn522QHJKhWxEGWOXLjAY5UGq7EbmlHvpY0+": {
                "chainKey": {
                  "counter": 0,
                  "key": "7ySuQageO8/ukz1dAScMKeVK2LRk8+HYXXI5/e+8eWs="
                },
                "chainType": 1,
                "messageKeys": {}
              }
            }
          },
          "BTJSCl3gI5qT5u3FvdD2kOHgwj84M5SnpR+bUbYe0ik2": {
            "registrationId": 544958366,
            "currentRatchet": {
              "ephemeralKeyPair": {
                "pubKey": "BXVTqMXqfzk7/+XrHCyStxjHuSGwK2sWkl+pRQRAqA0/",
                "privKey": "iNsO5l9pB/y253iplSiJGMhGQ8qCP5KKbRtWmhDIIHg="
              },
              "lastRemoteEphemeralKey": "BQ0lOJSoNl5TOSkjOkNFyzAxG8cgHxih9lc425DbCIN8",
              "previousCounter": 0,
              "rootKey": "invYZQw+yJoe/Wcv2mMU8L1BudeB4++2zPX/DS0DtlM="
            },
            "indexInfo": {
              "baseKey": "BTJSCl3gI5qT5u3FvdD2kOHgwj84M5SnpR+bUbYe0ik2",
              "baseKeyType": 2,
              "closed": 1669715184441,
              "used": 1669700374332,
              "created": 1669700245324,
              "remoteIdentityKey": "BV94eQ+NjILIIQMXuL3Rc6vTjy/Wu3t8qtOnqNPni0tb"
            },
            "_chains": {
              "BcF7WxbBOuSCoeoFePn6ZHh5G+WfNI9Avpj2TUX8Xa5X": {
                "chainKey": {
                  "counter": 1
                },
                "chainType": 2,
                "messageKeys": {}
              },
              "BapOdoJ4Sizd4dRwoyXBNaeaMElrEUCxlumgkk06u04e": {
                "chainKey": {
                  "counter": 0
                },
                "chainType": 2,
                "messageKeys": {}
              },
              "BcIgJS2EkdHhnClSOVCKrSe+jC40x0N6+bHxp4QEbL1q": {
                "chainKey": {
                  "counter": 0
                },
                "chainType": 2,
                "messageKeys": {}
              },
              "BQ0lOJSoNl5TOSkjOkNFyzAxG8cgHxih9lc425DbCIN8": {
                "chainKey": {
                  "counter": 0,
                  "key": "lUqv6l10KlABoeZM4DPzkcuYfNf+Rn4MH4CyD8NEklo="
                },
                "chainType": 2,
                "messageKeys": {}
              },
              "BXVTqMXqfzk7/+XrHCyStxjHuSGwK2sWkl+pRQRAqA0/": {
                "chainKey": {
                  "counter": 0,
                  "key": "bGA4V33WqSbavomD4oI0NaHafp7nKu5JStIgB2In8/0="
                },
                "chainType": 1,
                "messageKeys": {}
              }
            }
          },
          "BZFRoE8Au+fvpUf896URB8OAXod+0RmNgXeZ0NDMmT8x": {
            "registrationId": 544958366,
            "currentRatchet": {
              "ephemeralKeyPair": {
                "pubKey": "BQTUi3E0aOX/ZwrE03n6lzcDTG5XuqL/NUmZV6MqUYMh",
                "privKey": "MFpQK4LTPSWCEd9Abf7WnbjgUhOldWBNVL4Ub0oVAkI="
              },
              "lastRemoteEphemeralKey": "BUlabeMIawgLPEZL4oy2f+uap65W9H10kAOZszrfCRlW",
              "previousCounter": 1,
              "rootKey": "WJzoz5Sb07JDvCuYF7DZVGH9tk85r3UvDXsrLfUIPRg="
            },
            "indexInfo": {
              "baseKey": "BZFRoE8Au+fvpUf896URB8OAXod+0RmNgXeZ0NDMmT8x",
              "baseKeyType": 2,
              "closed": -1,
              "used": 1669718768597,
              "created": 1669715184466,
              "remoteIdentityKey": "BV94eQ+NjILIIQMXuL3Rc6vTjy/Wu3t8qtOnqNPni0tb"
            },
            "_chains": {
              "BZd69JhJ2DqjzLe85mmUd78auRN9d7I6m002xU4Eh9IH": {
                "chainKey": {
                  "counter": 0
                },
                "chainType": 2,
                "messageKeys": {}
              },
              "Bbvxl82YarSHWQw9Mo8T8gTetSgML9uF9sE+IiLwHVU1": {
                "chainKey": {
                  "counter": 2
                },
                "chainType": 2,
                "messageKeys": {}
              },
              "BTUdQqkPzKxqiOsHPDEaqrinHkMYm5EovnOaP3Fs3ZwD": {
                "chainKey": {
                  "counter": 0
                },
                "chainType": 2,
                "messageKeys": {}
              },
              "BW2gLX8XITPDzf1KWX7NqnEP6wRDfYzwOH4xwE1G+kF3": {
                "chainKey": {
                  "counter": 0
                },
                "chainType": 2,
                "messageKeys": {}
              },
              "BeMcq1tZqV5YfyvwBlojhcoDcrxMSLNylQrCAftgFxwY": {
                "chainKey": {
                  "counter": 0
                },
                "chainType": 2,
                "messageKeys": {}
              },
              "BWtFRyduj6FpdZD01iYQ2uU5KkV7UDXk9Hpo4HUnwzgd": {
                "chainKey": {
                  "counter": 1
                },
                "chainType": 2,
                "messageKeys": {}
              },
              "Be/2Ae5f7COcJY7kPwnMvmha2orUfldmXXOGJdaTUft7": {
                "chainKey": {
                  "counter": 0
                },
                "chainType": 2,
                "messageKeys": {}
              },
              "BSk4H1RfEEeDffLEIQoHM8Xo5jcSJQbX+gdl1lw4K5lW": {
                "chainKey": {
                  "counter": 3
                },
                "chainType": 2,
                "messageKeys": {}
              },
              "BQnJkpGz07/4WYirs4aAbNg4iyP+p6/3RrWMGDCVPac0": {
                "chainKey": {
                  "counter": 1
                },
                "chainType": 2,
                "messageKeys": {}
              },
              "BYgi60if/CSR2CKIi5egAkacJWJN7ba/0WXCA9SqzrxP": {
                "chainKey": {
                  "counter": 1
                },
                "chainType": 2,
                "messageKeys": {}
              },
              "BZBo0/NLYlARjoRtsRG7eH5N9vyYPQaZQtVFwyeprUA1": {
                "chainKey": {
                  "counter": 0
                },
                "chainType": 2,
                "messageKeys": {}
              },
              "BUlabeMIawgLPEZL4oy2f+uap65W9H10kAOZszrfCRlW": {
                "chainKey": {
                  "counter": 2,
                  "key": "uPbnDxKMtXjXu4TmuN9P10iWPt4gmKvQZW8HOFWlwqs="
                },
                "chainType": 2,
                "messageKeys": {}
              },
              "BQTUi3E0aOX/ZwrE03n6lzcDTG5XuqL/NUmZV6MqUYMh": {
                "chainKey": {
                  "counter": -1,
                  "key": "o6srczXoSSf4P1j6vkHYiZpnF2mGOJzLZunZAp6+vAo="
                },
                "chainType": 1,
                "messageKeys": {}
              }
            }
          }
        },
        "version": "v1"
      },
      "62895370259281.0": {
        "_sessions": {
          "BfUIIV5lmHgHqTHcNkCNWbw1iK1R9H9QC2PRriZgoYxz": {
            "registrationId": 650258456,
            "currentRatchet": {
              "ephemeralKeyPair": {
                "pubKey": "BeN2FWsBkdi1c2duIyf+4kNBhZrmWh+Hft5hb2mAQbcu",
                "privKey": "0DW3fpsTdOf0h4J7MGbRcnDfuPVdUydAwk2klhWXmkk="
              },
              "lastRemoteEphemeralKey": "BXftN38JA+9Sy62ogZ9H0wHA2TsyG0bUznR0b4PO6+tG",
              "previousCounter": 0,
              "rootKey": "2GzH8ypr0jv8gj1iL/mzKqWan0HgypdPV+0sGuekiDQ="
            },
            "indexInfo": {
              "baseKey": "BfUIIV5lmHgHqTHcNkCNWbw1iK1R9H9QC2PRriZgoYxz",
              "baseKeyType": 2,
              "closed": -1,
              "used": 1669477097311,
              "created": 1669477097311,
              "remoteIdentityKey": "BZY+vMxpoPBgVSqVzVLpD849bDN924UFLRN7v8A4ao4E"
            },
            "_chains": {
              "BXftN38JA+9Sy62ogZ9H0wHA2TsyG0bUznR0b4PO6+tG": {
                "chainKey": {
                  "counter": 0,
                  "key": "mQVOTJrCKlVdToltjE9SJj1OzlIrefHZ0c5klMnzRt0="
                },
                "chainType": 2,
                "messageKeys": {}
              },
              "BeN2FWsBkdi1c2duIyf+4kNBhZrmWh+Hft5hb2mAQbcu": {
                "chainKey": {
                  "counter": 0,
                  "key": "aYj/5lKNctIzSjirU+Kk6Z0VFFX+KMdW74a9khtCWiY="
                },
                "chainType": 1,
                "messageKeys": {}
              }
            }
          }
        },
        "version": "v1"
      },
      "6281477124459.0": {
        "_sessions": {
          "BVXznKNvn9qcVA+IFpoUoC/Da3jS2qYckw+t+S9GHYgK": {
            "registrationId": 1468028956,
            "currentRatchet": {
              "ephemeralKeyPair": {
                "pubKey": "BYfpuxuYWSzYL9fPAjIOHtgRz6Xxf5ZFCtaqIf11p+A7",
                "privKey": "qOy9GLFWnV4/6Simla+mKaP+JGJZ8agfTRnKeZ9XSlA="
              },
              "lastRemoteEphemeralKey": "BUOqdbCw113s0a0AELZjvBzBnYlVsPfTV5QL4HWepu0Q",
              "previousCounter": 0,
              "rootKey": "GU11BPxR0DxgOwcbjSwe8s6EZjFsCbkq48kKZKuwaXw="
            },
            "indexInfo": {
              "baseKey": "BVXznKNvn9qcVA+IFpoUoC/Da3jS2qYckw+t+S9GHYgK",
              "baseKeyType": 2,
              "closed": -1,
              "used": 1669477097332,
              "created": 1669477097332,
              "remoteIdentityKey": "BUet2DDzSUmJNS72K8pBKQxu+lvUxm7oGjSBwl8meB1B"
            },
            "_chains": {
              "BUOqdbCw113s0a0AELZjvBzBnYlVsPfTV5QL4HWepu0Q": {
                "chainKey": {
                  "counter": 0,
                  "key": "CHNlD/rh2IKFEpqBPl1O1szedP0XM8Md9A3Wq1+9D80="
                },
                "chainType": 2,
                "messageKeys": {}
              },
              "BYfpuxuYWSzYL9fPAjIOHtgRz6Xxf5ZFCtaqIf11p+A7": {
                "chainKey": {
                  "counter": -1,
                  "key": "H72o2lOIC8arawqw+JNVVs6UkJu233TDHP3jZWgVG0w="
                },
                "chainType": 1,
                "messageKeys": {}
              }
            }
          }
        },
        "version": "v1"
      },
      "6282134511284.0": {
        "_sessions": {
          "BeXzZK078lxFHe93mEu7uMT0u8aCoYfeyDhoED58PeQg": {
            "registrationId": 37299084,
            "currentRatchet": {
              "ephemeralKeyPair": {
                "pubKey": "BWTNMTjQQU7lh3GCqZB0Nhz66FEfDfXWTVX9GCzvi3F6",
                "privKey": "KEVM7pxuYeWv2yRpbAR6ANiaJN3AzpoKDKcoz9Dw10U="
              },
              "lastRemoteEphemeralKey": "BWTPbEio95k/VyOYtBAi8VXgqs24egumEwUw+U1N0WpX",
              "previousCounter": 0,
              "rootKey": "affifJTXTlZWNd7QW81Abn0Gnd00G0A37dteTRoTXSc="
            },
            "indexInfo": {
              "baseKey": "BeXzZK078lxFHe93mEu7uMT0u8aCoYfeyDhoED58PeQg",
              "baseKeyType": 2,
              "closed": -1,
              "used": 1669477097355,
              "created": 1669477097355,
              "remoteIdentityKey": "BeSLeT8o6rjqhfktZO4/cpfVibN+svsBCeqzyHGkSSJR"
            },
            "_chains": {
              "BWTPbEio95k/VyOYtBAi8VXgqs24egumEwUw+U1N0WpX": {
                "chainKey": {
                  "counter": 0,
                  "key": "5Txd6V6ycJyLjeyeim+8HLdW/DouqPNlF5r+d1iGKqk="
                },
                "chainType": 2,
                "messageKeys": {}
              },
              "BWTNMTjQQU7lh3GCqZB0Nhz66FEfDfXWTVX9GCzvi3F6": {
                "chainKey": {
                  "counter": -1,
                  "key": "mYIG5PwSvyYXAfJiaC5WxOQuawu9f7F8hj6qvo6rlHs="
                },
                "chainType": 1,
                "messageKeys": {}
              }
            }
          }
        },
        "version": "v1"
      },
      "6285727384295:7.0": {
        "_sessions": {
          "BYunEEX+9m6lKpOahng3ew/b5RYBHQ67/qNmcor/s5QG": {
            "registrationId": 248,
            "currentRatchet": {
              "ephemeralKeyPair": {
                "pubKey": "BbMxbAxxQIrdQfNg3fHT7Jud25cD55FJaYiAyWJ0Q7QZ",
                "privKey": "2OgCajA5J/pPkxDhuSoQYpZze/Mh/2nY0U8o/yoSH00="
              },
              "lastRemoteEphemeralKey": "BU0TBD4CSby/lQPAgIoL4Wmm+uMR0WSNoyyYxLk/83ht",
              "previousCounter": 0,
              "rootKey": "R3ROnk9V/epEJDBbKH+jb9GhKGlsb7aaklfmh+4OZ/k="
            },
            "indexInfo": {
              "baseKey": "BYunEEX+9m6lKpOahng3ew/b5RYBHQ67/qNmcor/s5QG",
              "baseKeyType": 2,
              "closed": -1,
              "used": 1669510901364,
              "created": 1669510901364,
              "remoteIdentityKey": "BU+py7OBZvaOdMp4nMv5FW8okpCSc++aTJm2qSVzascN"
            },
            "_chains": {
              "BU0TBD4CSby/lQPAgIoL4Wmm+uMR0WSNoyyYxLk/83ht": {
                "chainKey": {
                  "counter": 1,
                  "key": "JhsDOGoGIvRgQTLl9x1x3E1JLKYWxx9nq3/7MsPzNBU="
                },
                "chainType": 2,
                "messageKeys": {}
              },
              "BbMxbAxxQIrdQfNg3fHT7Jud25cD55FJaYiAyWJ0Q7QZ": {
                "chainKey": {
                  "counter": 40,
                  "key": "BbE75XJFjVZu/DAqchSDSNRyE/ocTwR5n3T7dK/kgRk="
                },
                "chainType": 1,
                "messageKeys": {}
              }
            }
          }
        },
        "version": "v1"
      },
      "6285727384295:8.0": {
        "_sessions": {
          "BdJTdPO0PVDHxzIEPUTRborM8cZYEXnr8lUx5wQRyKtg": {
            "registrationId": 239,
            "currentRatchet": {
              "ephemeralKeyPair": {
                "pubKey": "BdJrNXh9X6zfJS1fvZIndVC3C0p8ljRGbHiNAcVYqARJ",
                "privKey": "IJ13zCUgrINlg5xbt3Wkcmaxey1i04fE40+s3YLxwkk="
              },
              "lastRemoteEphemeralKey": "BdW++gNmUdAPL5unmynzGbeqDW4bSklLNoY0tsuDJYdj",
              "previousCounter": 0,
              "rootKey": "J/jT0/cvnkQk/8fmBB6QA6Qi2xeX3+6EFikxluRwKbs="
            },
            "indexInfo": {
              "baseKey": "BdJTdPO0PVDHxzIEPUTRborM8cZYEXnr8lUx5wQRyKtg",
              "baseKeyType": 1,
              "closed": -1,
              "used": 1669556191385,
              "created": 1669556191385,
              "remoteIdentityKey": "BR/0xmI83biML5HDnMm7A9+NvivaFdpXjz/BaAXoJMFX"
            },
            "_chains": {
              "BdJrNXh9X6zfJS1fvZIndVC3C0p8ljRGbHiNAcVYqARJ": {
                "chainKey": {
                  "counter": 36,
                  "key": "Yjkqz+hY/3cyFWEl6OWFZNs4fRf2q9aSj2sO/ZSL9Z4="
                },
                "chainType": 1,
                "messageKeys": {}
              }
            },
            "pendingPreKey": {
              "signedKeyId": 1,
              "baseKey": "BdJTdPO0PVDHxzIEPUTRborM8cZYEXnr8lUx5wQRyKtg",
              "preKeyId": 15
            }
          }
        },
        "version": "v1"
      }
    },
    "appStateSyncKeys": {
      "AAAAAIfG": {
        "keyData": "4gQwcDtvSYDD/0ZuzLv4wuv4aBwRAItIPbjT/arGh7I=",
        "fingerprint": {
          "rawId": 166028089,
          "currentIndex": 1,
          "deviceIndexes": [
            0,
            1
          ]
        },
        "timestamp": "1669420858529"
      },
      "AAAAAIfH": {
        "keyData": "RfvvFRzOMGk2SaENU8SoEAiyPod+OFR0uEpaFEvNM2s=",
        "fingerprint": {
          "rawId": 166028089,
          "currentIndex": 4,
          "deviceIndexes": [
            4,
            0,
            1,
            2
          ]
        },
        "timestamp": "1669509005569"
      }
    },
    "appStateVersions": {
      "regular": {
        "version": 12,
        "hash": {
          "type": "Buffer",
          "data": "h7ykZttjXrut/yIdJKtJhgJRRHfoUCFYLARBb1egSMw1j0Tc3lbSimOHtsgMlDdBA6UMi7Ytr7f6u7CJRQj6g+FEsg1+xKpsGAktcGVmkyo+5yAizsnKlMp11nCcSsavxoW3rSS6d7mvo6ZeOqgr2Jn+kOsTOXNOdySEXNe0LIk="
        },
        "indexValueMap": {
          "uMnFD78t3tvwdwGqJ55Ap7d+Gpu5ecw8wa1Z7BRi1m4=": {
            "valueMac": {
              "type": "Buffer",
              "data": "wyEGlPOgLvA4ih3lSydBoh5g4/50dmp5n+/+I2lVKPo="
            }
          },
          "xEyPJNDkrFqQvCvdEEdWDKXdoGMouyKjhKCWhmOMC/M=": {
            "valueMac": {
              "type": "Buffer",
              "data": "Spm0isnwleFZjd44hs122F+mzZnrQYBiptMwhPFH7hc="
            }
          },
          "zkmLoM+7DNVE0/Ch5YBtuat3QBk8ujWyDgszaHsArmU=": {
            "valueMac": {
              "type": "Buffer",
              "data": "iXX8dAU1hvoZq2br83VE3TF1G4suonZIwIDXKkObKs0="
            }
          },
          "2BHWOaLX7CJzGjy1CN6jhYOHRZpxQVl6Wz4Gio6nlBE=": {
            "valueMac": {
              "type": "Buffer",
              "data": "LW2eNmXXk1GL45u0z7eb7RJREQBCHt15LbQv5IGocqM="
            }
          },
          "5Nco00GaRJ2eTYpJRFtVbMNiItmRhWJo6kZ7VwuLJcM=": {
            "valueMac": {
              "type": "Buffer",
              "data": "iWVzCUO3p6yyCD5/ZP7v3l8ZaHxt4qaLOST0+AMqERU="
            }
          },
          "5Oc4eyyar6G4uoaQZBb+mQAWEaXBsa1erHVPFTUc7uM=": {
            "valueMac": {
              "type": "Buffer",
              "data": "zDzLKKrKI67aolX3y4AbzRzCwNPy8TWC5zXCZTYNTTw="
            }
          },
          "7rlMiVvG6ADRUpr4mOtizJP8PHPVCIfEyq2WGTmDDu4=": {
            "valueMac": {
              "type": "Buffer",
              "data": "Z1kSSwIIzwEvvcT/Dz6pQeBhkQN/5QluatDJ8vY8S34="
            }
          },
          "kAiXrVGoN0lRF50YndIHLmYmSuYHEnwlgo/FFbCffkU=": {
            "valueMac": {
              "type": "Buffer",
              "data": "EL6NnMd1J+Vy+bMvdKTexy7t64+vQ4KbtP++U08cL80="
            }
          },
          "7Zc775bj+aokiClXWyt++gFQ77tRGgIZOpCruU+3a+Y=": {
            "valueMac": {
              "type": "Buffer",
              "data": "GxbFLiLsl5D5KXSGrPstD8h6PyHQVofQO0LiG9Q931Y="
            }
          },
          "G02UySPx8GL+J7j7E5s+YRrj1n6/K6LmAabTNuzh+/A=": {
            "valueMac": {
              "type": "Buffer",
              "data": "GXX6R1a2Wx9LK3dqWSi19IaV0MuTs9xc7Tl3hbANftA="
            }
          },
          "nikhfDvPLkAM4Qob4RDgzDdHKHdDuCH09a6qn85208s=": {
            "valueMac": {
              "type": "Buffer",
              "data": "OLyflVn+CPkX9ldnzcmuOxXSZ8cLflx5MADzcYFgBWc="
            }
          },
          "Z6ggg8iu3TM3e8r12U6oU1wxnFu/1UCIVlDYpCmWR8s=": {
            "valueMac": {
              "type": "Buffer",
              "data": "WqQKGPFCOp9xLZitC4kAVHstWSmxjI6ABg5lPQOU7zA="
            }
          },
          "fxCTxR2YKMBnJQF/3AfBlwYswkG+/5oeAFIl4dedLck=": {
            "valueMac": {
              "type": "Buffer",
              "data": "ZbSKbD140mDpGrk4yPW1E6/pj8AWwSmAGKTXc1TkpyU="
            }
          },
          "NooecE5QQXibvj1EuiG2VXnPORMsLjGEn0b/lcNBGTE=": {
            "valueMac": {
              "type": "Buffer",
              "data": "/Tggaf6YszLNTJ+tP1YuAJdkBCUrBE5L04d7tSl0+kI="
            }
          }
        }
      },
      "critical_block": {
        "version": 2,
        "hash": {
          "type": "Buffer",
          "data": "ymRVZ6uICngKPGhUydHjU4vBfwXtvC5CIzflECa+iuRjCcHXHvLEBMdUgyj6U4SaVjdiYOygIK1Z3WUA81Pz6//KwMQCq8+hnYsqlGXiORYb9xHua4znc3PGBM4/HO4yA4L8ATSHQkhuvbNMCI0iEwZ7kGFfLHXe5rttm69N/80="
        },
        "indexValueMap": {
          "CiE7mZmPSKGpKl1h2s63cfCS8H+awMenDT90qEbmY/c=": {
            "valueMac": {
              "type": "Buffer",
              "data": "60v5gFYiwUSeBJXW0kqepsbbbkHJdKTmVPPS/qGww1g="
            }
          },
          "v0i1Xj4zJNFHogSYvScaEOTfrdD+En3C00u6b6crVls=": {
            "valueMac": {
              "type": "Buffer",
              "data": "0ko4EGw39Z089et+zQS+0ASVe/FQQ+mcdqYjnKenBto="
            }
          },
          "5itjNdA+Rb09PzAmUU/AsnZmmNW04AFGy6DwVtZr9Z8=": {
            "valueMac": {
              "type": "Buffer",
              "data": "Kv+Mk+M92fuO01LttmNmy7Ndm+ClrxCylYNVeFNtp0M="
            }
          }
        }
      },
      "critical_unblock_low": {
        "version": 2,
        "hash": {
          "type": "Buffer",
          "data": "+rttXv55ossFrTm9rHA+MJRlN0++cQHGTG2FhttTAmhwg+I3SqyWTVl47HCFHwLBv5QuLk24/W0sr9ev9L7VPp6b3lKAI7ZMhMHCIncTyoitrAPllW78T7P+bm+sHJG068IcOdUOdK4oZOJuriAQNiolk0ZIn2P8PO97yGrUK8I="
        },
        "indexValueMap": {
          "G93WALqX8LUAJh8HZpyuZ8lnfBVAKstEDM1V0i8s+tI=": {
            "valueMac": {
              "type": "Buffer",
              "data": "q9z0IimuaqJyzs9kd2mSAT+27ErXjUB7nIKfCSvQuGw="
            }
          },
          "ICgqcbAytkYqda74g+S3D0loxM1YGL83H7VK+kD7QH0=": {
            "valueMac": {
              "type": "Buffer",
              "data": "R1o/BUsfdY7b7+pfdst6y/7PhpOCwGytu6fvuO+xUEo="
            }
          },
          "NCJ3hicU/nzDE3UPW2r50B8z+nMZKi+V0f4iH6Iotv0=": {
            "valueMac": {
              "type": "Buffer",
              "data": "bX2/u6Ul0Uk/O7MTOH3YAVRAOSFfW50IH5FuN9V4O0E="
            }
          },
          "e/hJUAKcUNX7gqghOQ8UqMkxglcuX//lAhI2sBGt4UA=": {
            "valueMac": {
              "type": "Buffer",
              "data": "nfGdv+KdEUFB9ZHUpaFYbu2MjaYwCkhcr6a98prBkD0="
            }
          },
          "mLSQHaIM6rA3tLZ2S+jWe/4gpDWU1IHtGUxhXjzBx0I=": {
            "valueMac": {
              "type": "Buffer",
              "data": "H4le+J0BYXQHataFafZrb8HnRSkDuOE+KWaovyh114w="
            }
          },
          "tq5tDyj3Z+jankyXpOAw6ZZc1pHqeX8PexkM1fIHBFQ=": {
            "valueMac": {
              "type": "Buffer",
              "data": "3yuyZ3/RJo/Ve6Yy/fep55GVinc+D35CfJvqsGJMB0w="
            }
          },
          "uuxp/Z47eauMDu0XJbbctJJw6me+LnvhzZgClkG57tY=": {
            "valueMac": {
              "type": "Buffer",
              "data": "GC0IieFzmfHz1PYhg/+xeP99d0I4zmYbvlTFqXFGt64="
            }
          },
          "yt2HTbQBYvoQuM+4wm9YKtHgPiHFKm6EzDRvQhVwGGU=": {
            "valueMac": {
              "type": "Buffer",
              "data": "c7U++5xVU47fcjyS5rmakAdHciv/NRe7YnUaEHQAp4Y="
            }
          },
          "8Fp4wJ5GWNE8+vl0P/IDsipQ78Wjmo/w3Jdk4nu5cV0=": {
            "valueMac": {
              "type": "Buffer",
              "data": "CpLgdtsUWYPcLXbXh2BQcALNxHcVnVPKR65XfuHuTxQ="
            }
          }
        }
      },
      "regular_low": {
        "version": 1,
        "hash": {
          "type": "Buffer",
          "data": "G6bXu3tKGpjdAf1nV2udpecouTWvOPNH6HGRvgspELXKPY1VnJ2O/1nrpTmTWUxPQKl1hKi4eW1TZm+PCvfNnktioCY8vvruRqL8+vaNdqkp72J4P1A6AhNBhjkiwBrJqkKFJZ+8g20CsEi0gJmkWxeRBn4T+5Po/7dJHSPUzCw="
        },
        "indexValueMap": {
          "AdRokF/ctOhp/BRPu1bHOeTF/px6RR9IQEexrQx6FRk=": {
            "valueMac": {
              "type": "Buffer",
              "data": "ZCsIzPmJbwUZoDIotUhC3eJx0MrhEBkP2uBC10GytdQ="
            }
          },
          "FELzA3NjWBkaTD0Fiu5NMOeZw/2Vebcdd+lBJ7PCqfI=": {
            "valueMac": {
              "type": "Buffer",
              "data": "YrbQna9BON9jdqUcQBcAUbrLOWoBGq1XLMsWcX7u1Ss="
            }
          },
          "Il787HlUxtwMGZAxINyBYNDG6ofqRKiwn8hRV4nVtE8=": {
            "valueMac": {
              "type": "Buffer",
              "data": "NJhkMbsrLCG6T6GoMu8cqdEXlXDbspaIOyQX4fWcyXE="
            }
          },
          "KvQV7dQcRkpu9hwiU2mxC3K/pnh+I3PFB2tNf7F6WCU=": {
            "valueMac": {
              "type": "Buffer",
              "data": "vvoIX/MM0us8b6YIIT2ZXyF4nh3OpZDC0I1HGRCcQLw="
            }
          },
          "TTrGzlZ4Agct+IUbKdPBuhB+QirK5Z0eKyg7zlPGVxk=": {
            "valueMac": {
              "type": "Buffer",
              "data": "+AlnidHpzEdHSH1D4hBxBljGIcwL/PM4zDbLxrR22FE="
            }
          },
          "XYUX8GOo9lhuBymiuPiYPxht0tPMsSj5q70cI44NMOM=": {
            "valueMac": {
              "type": "Buffer",
              "data": "bZxQ1UoZPI+uKzH5MPMHcOzmvn4py74Zj1BsykDE3Dk="
            }
          },
          "ZEEPBBupCcY4/UDSfMk3zKXuIAdsfxlBryIVRNdJwcw=": {
            "valueMac": {
              "type": "Buffer",
              "data": "jKiVCPrToDDG5WrcjqO9GFcihBipbtMIFplfno0MSPA="
            }
          },
          "b/atZZuOKDrqUuHOF7zlTO30LoSchIafHZpCjA2bHuc=": {
            "valueMac": {
              "type": "Buffer",
              "data": "cclw14RJAEsXvgGk/MS6j9l+nzHw4syA8pwMVWbwIhM="
            }
          },
          "cTnkdl7oIKBz/bj19zaR7Epio2PND9lesL+gWocIIYw=": {
            "valueMac": {
              "type": "Buffer",
              "data": "27xuuuzxonLf/ldEpVI48cPVipTeMk7zjB8KCbN5Iqs="
            }
          },
          "hVj2CbKDvaJitmr7p7sXptSwOpTFuDNIoUSvG7ahKAk=": {
            "valueMac": {
              "type": "Buffer",
              "data": "XqnpoylxDNbwFh5zoS9PcMwSKpzcymTaIygzIiY/PwA="
            }
          },
          "h46FurWXKqf5IFnOy8X7ghGpPGVIh+KZf1XI8Nc/0H0=": {
            "valueMac": {
              "type": "Buffer",
              "data": "Li7tv1uiLHst4sGLyENm1OI5nFgfzveUgnDuYSJZg+s="
            }
          },
          "mkXPaWU6LvOqA0g+Ke/c2S/Mtc9h8/PtEpZ9FUx/F+Q=": {
            "valueMac": {
              "type": "Buffer",
              "data": "xZ53NC+hLbHDXj5fNcRAMrsXGJBUtIqbtM799C22UFc="
            }
          },
          "nZeGx+KEu7wWHQ37RsbxyRi8tP3FlEbRs0VtzpnzLx4=": {
            "valueMac": {
              "type": "Buffer",
              "data": "h5RFkdjV9Ffw84v9b7O18YUurBbcA+Vx24DtTWiiHac="
            }
          },
          "oYBqKOP0hyMJCgLMiHAS4uY3Xo4ZMZ5dYHHD6XrXdW4=": {
            "valueMac": {
              "type": "Buffer",
              "data": "tszZm09uAOyAh3VJ8DrZiARiC4jE3kfNwA5Wkt55oA8="
            }
          },
          "qTV+xPm8gxTjS5lcuE/NNYTPw/DfDEBYeOipmd2K6nw=": {
            "valueMac": {
              "type": "Buffer",
              "data": "mvQqvEaS5KwxnK6QQf3Dcvo8ILsj3lsUv2Rgp3+x36s="
            }
          },
          "qU/wev8S8CCavTq0bHYucAZILCxvOVZDY1CcLiP00/E=": {
            "valueMac": {
              "type": "Buffer",
              "data": "/YNH9eBcQBx40GeaVLL4TmgyT6FJoo4mtT4RXKtD2tA="
            }
          },
          "qeL3y81DVA6gU0ZqoQ1yo2D6QSAiVhXgda/k0NhkOsc=": {
            "valueMac": {
              "type": "Buffer",
              "data": "4EQPlI4kBc09L6m1Ha16cUQS/x7edfgl2wO0IHAU5NQ="
            }
          },
          "s33RSqwQHNozhDycXtnu4DTTsnMFqwkuJplJQFqdyOw=": {
            "valueMac": {
              "type": "Buffer",
              "data": "xkNC275kf/hkqpphV+83QKUwH+iKNn0wd84ylMsBn6Y="
            }
          },
          "uxOY9cyYRsj2g2LvMP/Oh4OXbshcpSO6/GfNcVUrbg0=": {
            "valueMac": {
              "type": "Buffer",
              "data": "OqEWrGNj40T36GGsS5/UpfhlzM1AIYz/ofC8QWvGF9U="
            }
          },
          "0TZbx2IQpORHrNYtfCvrW2/86GejZCLCFhBwIc1Mzfs=": {
            "valueMac": {
              "type": "Buffer",
              "data": "qDTqsQJ4RMKbDI5s3erNdSZFDwPvQShJFjpLvmR/bTM="
            }
          },
          "3gqn0eP2a7gZQDGn10FiEtCo+Zwr8QtDUqZLLhGcKgg=": {
            "valueMac": {
              "type": "Buffer",
              "data": "nFvISzq2MKCw+M1RcV51ltOQDRuyiSg3x4eKT9syLeE="
            }
          },
          "4vMeHin1JMODJry7GxPGhFGC9yDmrE+i5q/MOt/0SPc=": {
            "valueMac": {
              "type": "Buffer",
              "data": "+AmlUaUQ5RBQqcx07+gAKzhucPY42hrrV8OGJRe5TIM="
            }
          },
          "4x5OCSIUfo+BXFg1RNLEfdaRGDtB3YWsNi7kr3awjeA=": {
            "valueMac": {
              "type": "Buffer",
              "data": "TGMKsxvwlW6rTggMZY+Ws9t8uA5gJpi7AiKGVzLQ4Zc="
            }
          }
        }
      }
    },
    "senderKeys": {
      "120363045382067852@g.us::6282136168315::0": [
        {
          "senderKeyId": 1478482149,
          "senderChainKey": {
            "iteration": 14,
            "seed": "cRV4OFJRag5z9LRsTpjRtYZXljFEdqnqNZ7/Zx+gU9Y="
          },
          "senderSigningKey": {
            "public": "Bclmgb4b0RM6YrsJ85bI0FtFfj7F6mxQUzar2fN9ylUi"
          }
        }
      ],
      "status@broadcast::6281328139682::0": [
        {
          "senderKeyId": 1515446507,
          "senderChainKey": {
            "iteration": 3,
            "seed": "sGKyC4Thq/DsGgmiDOhS/Nt+mEboaOkcJh3IZhk0bc4="
          },
          "senderSigningKey": {
            "public": "Bd0HEdoNInwvNIFKh7xuNdW0ZJZ2UjnVSUQxD0DLv91P"
          }
        }
      ],
      "status@broadcast::6282134511284::0": [
        {
          "senderKeyId": 2095209733,
          "senderChainKey": {
            "iteration": 0,
            "seed": "UgIUdf2pbdg6gFmJaXUzqXMMTqsfZu6UDhpAa6h7xPs="
          },
          "senderSigningKey": {
            "public": "Bfd2YKun/iTSZeZIW/GJFn655YROOlpKpaBZ8LaR+qY1"
          }
        }
      ],
      "120363045382067852@g.us::6285727384295:3::0": [
        {
          "senderKeyId": 1279935405,
          "senderChainKey": {
            "iteration": 1,
            "seed": "6Nx7Kb+EdXX3A8+yzT0xZFjI/9RS1qVDki3moXzadIg="
          },
          "senderSigningKey": {
            "public": "BS2kPmZ1GSoXnHIWkva2Re5tUAIZ2hWUSLTgqwk/HGZ6"
          }
        }
      ],
      "120363045382067852@g.us::6285727384295:6::0": [
        {
          "senderKeyId": 586410455,
          "senderChainKey": {
            "iteration": 4,
            "seed": "DxfeD/svM8XFYwG5eeKiyi8PetmeIjuCEHvGHGFOjMU="
          },
          "senderSigningKey": {
            "public": "BRtrv7A+yUJORE2tsEKP5rr9o5LMY6x6jaFV6b3naGA2",
            "private": "WAzO9brVOoTCqINKxdLHONk+RUOG4x0cCYpcEWvNSn4="
          },
          "senderMessageKeys": []
        }
      ],
      "120363045382067852@g.us::6285727384295:4::0": [
        {
          "senderKeyId": 2014251688,
          "senderChainKey": {
            "iteration": 1,
            "seed": "xObr6uuuT2VzDuqOviIPwE9qc4iAiMEeh/ivRia3Jeo="
          },
          "senderSigningKey": {
            "public": "BflbI8eCgh7kqOTFau1zWhiFyVDxUy/2gYY6EdGf4VtO"
          }
        }
      ],
      "120363045382067852@g.us::6281328139682::0": [
        {
          "senderKeyId": 442083431,
          "senderChainKey": {
            "iteration": 27,
            "seed": "GOk44f1F0Ysg6AEW8Q51oi6YMWJFtH69sjP/ZH0VxUc="
          },
          "senderSigningKey": {
            "public": "BWnADxZog4/V4MJjKCy0og0uwsGlykJxb7OltXz0n6we"
          },
          "senderMessageKeys": []
        },
        {
          "senderKeyId": 442083431,
          "senderChainKey": {
            "iteration": 21,
            "seed": "it42UV/hKeChm021v7d7QtVky81WcpiU9AHepKniwrE="
          },
          "senderSigningKey": {
            "public": "BWnADxZog4/V4MJjKCy0og0uwsGlykJxb7OltXz0n6we"
          },
          "senderMessageKeys": []
        }
      ],
      "120363045382067852@g.us::6285727384295:5::0": [
        {
          "senderKeyId": 47686150,
          "senderChainKey": {
            "iteration": 1,
            "seed": "N07NedQTUNfHS01AOR7ebGmkv4mcZVQXH6VXO+RdzVw="
          },
          "senderSigningKey": {
            "public": "BU9uWeTaepTKey4AprDzBrfFhPse9JxQ3425l1Z+DYlC"
          }
        }
      ],
      "120363029291825928@g.us::6281328139682::0": [
        {
          "senderKeyId": 1256969294,
          "senderChainKey": {
            "iteration": 1,
            "seed": "Uaqhsh+SHMBcZ1nAaHzVmWs6ILenFv5SUIV0JZixlTs="
          },
          "senderSigningKey": {
            "public": "BRrhSwlmF9wxmorAU0Q7TOku9YddUV6KENnw4f/0zt5Q"
          }
        }
      ],
      "120363029291825928@g.us::6285727384295:5::0": [
        {
          "senderKeyId": 2000079081,
          "senderChainKey": {
            "iteration": 1,
            "seed": "qgsacssO6U2hRIVl4mQlLRvJjn14+VtIIB7I3+0E5qg="
          },
          "senderSigningKey": {
            "public": "BWu6PIvheKaYypn/VV/GvUJOQu0IAGY7zABx8xov2QsO"
          }
        }
      ]
    },
    "senderKeyMemory": {
      "120363045382067852@g.us": {
        "6281328139682@s.whatsapp.net": true,
        "6285727384295@s.whatsapp.net": true,
        "6285727384295:3@s.whatsapp.net": true,
        "6285727384295:7@s.whatsapp.net": true,
        "6285727384295:8@s.whatsapp.net": true
      }
    }
  }
}